USE heroku_f94932c1d70fb93;

INSERT INTO classes (class_id, name) VALUES
(1, 'SD22w'),
(2, 'SD21w'),
(3, 'SD20w'),
(4, 'DAT22i'),
(5, 'DAT21i'),
(6, 'DAT20i');

INSERT INTO users (user_id, first_name, last_name, email, user_role, password, class_id) VALUES
(1, "Kane", "Vasquez", "v-kane@yahoo.com", "TEACHER", "$2b$15$PGfdEXxNY2M.OSsh1mjIFuy9Tg32Z3Cc5QkKPGIW5f.DNVXpGYwOa", NULL),
(2, "Camden", "Goff", "c_goff4521@aol.net", "TEACHER", "$2b$15$e83WvhVcNrd2VboumDaTxu84wvveRgjwCcWpdGHQlIwM2el.fjDVq", NULL),
(3, "McKenzie", "Contreras", "contreras-mckenzie@protonmail.org", "TEACHER", "$2b$15$GYt4fQClIF0gV91D3/EndOjwk2sQ0ykzP4WcxI1NqtF8GpZs8qiWe", NULL),
(4, "Evan", "Keith", "k.evan@icloud.org", "TEACHER", "$2b$15$MN4GeHJegAT0MsPK9UrK6urL9QbJhhB0/6li7XqnDnb2fRR.4BFoG", NULL),
(5, "Julie", "Mcdowell", "j.mcdowell@yahoo.org", "TEACHER", "$2b$15$LMvjd/f4SntA/R0DFCmSZOGDvA/EJ2dSBrAE3wfqBRn1m1JK1Hfi.", NULL),
(6, "Sasha", "Franks", "sasha-franks2413@icloud.net", "STUDENT", "$2b$15$q6uXSLn/lq6WJW9Ri93lt.ZV6iwcaI02uEPmIjw61visSr5G4YlZq", 1),
(7, "Brenden", "Odom", "bodom9915@yahoo.net", "STUDENT", "$2b$15$1CvVo/487ouwkSFjDixa1uJTPJ/S5zzPlLgGZYeoJ19I8L0jiRSHe", 1),
(8, "Mira", "Mckay", "m-mckay5458@yahoo.net", "STUDENT", "$2b$15$fEaiqLCLPiiY13xA9tx6xeWiWuK7ozZ0rgqyIz4iX1y.1gBZOasLK", 1),
(9, "Alexis", "Herrera", "herreraalexis@google.edu", "STUDENT", "$2b$15$NS9WbgcLOrAjaJDWkcjzguXLBVUahnW4A6.xcpJaMf1yrDH36I66K", 1),
(10, "Iona", "Shepherd", "i-shepherd2902@hotmail.org", "STUDENT", "$2b$15$0d7T3CEwEVFk/XFhyMRdw.9w3b0B7u/HzF7C54UqKik4gpJ1RPWMS", 1),
(11, "Carlos", "Moody", "c-moody@outlook.net", "STUDENT", "$2b$15$0XgOcqNAlDrB809RqlXvUerOEK9B4m9c9cPA0PSGzA4i7fRv29RRC", 1),
(12, "August", "Adams", "adams-august@outlook.net", "STUDENT", "$2b$15$PA.0QhmvbQqvQ3nKqzMonu8NcxBce0G.V718Sdflb5Nqx0.9BPOve", 1),
(13, "Kirk", "England", "england-kirk@icloud.ca", "STUDENT", "$2b$15$7beLDypMYnlrl6gfBEdBSugjjK7snGlKUgl2CIe8ywA1EwcqqtV/C", 1),
(14, "Ira", "Phillips", "phillipsira7507@hotmail.org", "STUDENT", "$2b$15$l87aprRvBoVhowWpYUTT9e.ndp2cIxKLT1.Nh9A53hYAlbBWPbyIe", 1),
(15, "Dexter", "Mcknight", "m_dexter2448@protonmail.edu", "STUDENT", "$2b$15$Nbr4vedxRrmJx6NruO4CBuMvxcz11Qbo92gznIve0D6RNy8S7ZC4O", 1),
(16, "Randall", "Wiggins", "w_randall8230@google.org", "STUDENT", "$2b$15$nuTIhuVnIfN1MCAdm3cvhe2Z4DDmWHpBuGB.m9wa0rXqcfNzsVXqO", 1),
(17, "Steven", "Ray", "ray-steven@icloud.ca", "STUDENT", "$2b$15$sIR7BICBddVGSKeJ5NItV.LFAsiwADH.JEcqK7zKYtlm.y5xPY5LO", 1),
(18, "Kasimir", "Diaz", "diaz.kasimir8410@google.couk", "STUDENT", "$2b$15$bvNuLPM.mAA9mHAaijT8uumZQReHfXjAamudShr8v3.B645cV7xna", 1),
(19, "Cedric", "Riley", "cedric_riley118@aol.ca", "STUDENT", "$2b$15$6p6g0xVyrp.RXUJYWMxbCuE0Db8OQZgomvpXMpWssa3MsHwzM4yWy", 1),
(20, "Iliana", "Mcmillan", "mcmillan-iliana7968@aol.net", "STUDENT", "$2b$15$Pqr.7eYakH7S6dl/Dum5uOXxtDFLpuHw9gcFl5U11ONN7UHm26oci", 1),
(21, "Uma", "Osborne", "uma.osborne@outlook.com", "STUDENT", "$2b$15$jYQVxSetd8LWeyrofrPi5etrjCwHT5jDKM0BuqMVy.Bx17ur2fkIa", 1),
(22, "Fallon", "Church", "fallonchurch@icloud.com", "STUDENT", "$2b$15$GidmbSkoiYx.B0M7QhHqCuKEqO95r3fIprzx3YisVCTzagbd6aFrC", 1),
(23, "Charde", "French", "french_charde3999@yahoo.net", "STUDENT", "$2b$15$lTsSlyq8JX6xuEZd1mbA6.QneHIL4vGduHzz0CYQZfLYtCv7ob3Tm", 1),
(24, "Rinah", "Greer", "r.greer5067@protonmail.couk", "STUDENT", "$2b$15$0EiCZJAV3qYsqe9ljF5y2ed6q6plperAjqbEvsf2CIgxvzuFQFDKC", 1),
(25, "Fulton", "Bass", "f_bass@icloud.couk", "STUDENT", "$2b$15$Yg3rzjbE5aYr4LUl55Wck.wRK5KNXUs1uv5xB5xphk5YMmWQ/gdVm", 1),
(26, "Justine", "Stevens", "s.justine5343@outlook.couk", "STUDENT", "$2b$15$AbQOgqzjzy3.oFWyiHij7O45oNFzj5BOLDcVn.7oj/AM9lReV/IV2", 1),
(27, "Shay", "Terry", "terryshay@google.edu", "STUDENT", "$2b$15$AxAcx3yupSAeJMy1y3fRY.ZhADCadu4vYBiPQr5hzRQ9SXhc6zFfy", 2),
(28, "Adena", "Castro", "c.adena7409@icloud.couk", "STUDENT", "$2b$15$v1m9HAXL0nY6eIHZ3CbPyuOQtkQaRB4urougwYsT21S44t5.1.UdG", 2),
(29, "Len", "Finley", "lenfinley@outlook.ca", "STUDENT", "$2b$15$ckLS2niGkJB71jqEOCS.NODfDSu5rYWO9uMg0TklTcZL25Q4UjSmO", 2),
(30, "Keaton", "William", "william_keaton5250@hotmail.org", "STUDENT", "$2b$15$e9pEcROuArHRuljszLlFd.hwFf4S0itypiyQO5/xJw5fR9GSohDbK", 2),
(31, "Emery", "Grant", "e_grant5152@google.org", "STUDENT", "$2b$15$t.cWoRX5JwzdGrl9Hu7Zved2g7GlxVJuC5d1nai9oMSZkdpuSRQPa", 2),
(32, "Arthur", "Johns", "johns_arthur8060@outlook.com", "STUDENT", "$2b$15$l5nugqTnh2AZfG0DozXgjut3C8GLfQGl3i4D/b.pyaKbFRdVOeH3a", 2),
(33, "Cain", "Valentine", "valentine_cain156@icloud.org", "STUDENT", "$2b$15$lQR3CU.W3exNov4./Qvo9.DvwJXcOC.O2xOreE8.UiVc2N8OzOM2C", 2),
(34, "Abra", "Young", "young.abra@hotmail.org", "STUDENT", "$2b$15$sYG7o0uwcv43Pkl63TqmZOoQ0p9glVHRWqmp5AdjB0zeencrz3MBG", 2);

INSERT INTO courses (course_id, name) VALUES
(1, 'Development of Large Systems'),
(2, 'Databases for Developers'),
(3, 'Testing'),
(4, 'Technology'),
(5, 'Technology 2'),
(6, 'Python'),
(7, 'ITO'),
(8, 'Networking'),
(9, 'Frontend with React'),
(10, 'Bakcend with Node.js');

INSERT INTO lectures (lecture_id, course_id, teacher_id, start_date_time, class_id) VALUES
(1, 1, 1, "2022-05-03 8:30:00", 1),
(2, 1, 1, "2022-05-03 9:15:00", 1),
(3, 1, 1, "2022-05-03 10:00:00", 1),
(4, 1, 1, "2022-05-03 10:45:00", 1),
(5, 1, 1, "2022-05-10 8:30:00", 1),
(6, 1, 1, "2022-05-10 9:15:00", 1),
(7, 1, 1, "2022-05-10 10:00:00", 1),
(8, 1, 1, "2022-05-10 10:45:00", 1),
(9, 1, 1, "2022-05-17 8:30:00", 1),
(10, 1, 1, "2022-05-17 9:15:00", 1),
(11, 1, 1, "2022-05-17 10:00:00", 1),
(12, 1, 1, "2022-05-17 10:45:00", 1),
(13, 1, 1, "2022-05-24 8:30:00", 1),
(14, 1, 1, "2022-05-24 9:15:00", 1),
(15, 1, 1, "2022-05-24 10:00:00", 1),
(16, 1, 1, "2022-05-24 10:45:00", 1),
(17, 1, 1, "2022-05-31 8:30:00", 1),
(18, 1, 1, "2022-05-31 9:15:00", 1),
(19, 1, 1, "2022-05-31 10:00:00", 1),
(20, 1, 1, "2022-05-31 10:45:00", 1),
(21, 1, 1, "2022-06-07 8:30:00", 1),
(22, 1, 1, "2022-06-07 9:15:00", 1),
(23, 1, 1, "2022-06-07 10:00:00", 1),
(24, 1, 1, "2022-06-07 10:45:00", 1),
(25, 1, 1, "2022-06-14 8:30:00", 1),
(26, 1, 1, "2022-06-14 9:15:00", 1),
(27, 1, 1, "2022-06-14 10:00:00", 1),
(28, 1, 1, "2022-06-14 10:45:00", 1),
(29, 1, 1, "2022-06-21 8:30:00", 1),
(30, 1, 1, "2022-06-21 9:15:00", 1),
(31, 1, 1, "2022-06-21 10:00:00", 1),
(32, 1, 1, "2022-06-21 10:45:00", 1),
(33, 1, 1, "2022-06-28 8:30:00", 1),
(34, 1, 1, "2022-06-28 9:15:00", 1),
(35, 1, 1, "2022-06-28 10:00:00", 1),
(36, 1, 1, "2022-06-28 10:45:00", 1),
(37, 2, 2, "2022-05-03 12:30:00", 1),
(38, 2, 2, "2022-05-03 13:15:00", 1),
(39, 2, 2, "2022-05-03 14:00:00", 1),
(40, 2, 2, "2022-05-03 14:45:00", 1),
(41, 2, 2, "2022-05-10 12:30:00", 1),
(42, 2, 2, "2022-05-10 13:15:00", 1),
(43, 2, 2, "2022-05-10 14:00:00", 1),
(44, 2, 2, "2022-05-10 14:45:00", 1),
(45, 2, 2, "2022-05-17 12:30:00", 1),
(46, 2, 2, "2022-05-17 13:15:00", 1),
(47, 2, 2, "2022-05-17 14:00:00", 1),
(48, 2, 2, "2022-05-17 14:45:00", 1),
(49, 2, 2, "2022-05-24 12:30:00", 1),
(50, 2, 2, "2022-05-24 13:15:00", 1),
(51, 2, 2, "2022-05-24 14:00:00", 1),
(52, 2, 2, "2022-05-24 14:45:00", 1),
(53, 2, 2, "2022-05-31 12:30:00", 1),
(54, 2, 2, "2022-05-31 13:15:00", 1),
(55, 2, 2, "2022-05-31 14:00:00", 1),
(56, 2, 2, "2022-05-31 14:45:00", 1),
(57, 2, 2, "2022-06-07 12:30:00", 1),
(58, 2, 2, "2022-06-07 13:15:00", 1),
(59, 2, 2, "2022-06-07 14:00:00", 1),
(60, 2, 2, "2022-06-07 14:45:00", 1),
(61, 2, 2, "2022-06-14 12:30:00", 1),
(62, 2, 2, "2022-06-14 13:15:00", 1),
(63, 2, 2, "2022-06-14 14:00:00", 1),
(64, 2, 2, "2022-06-14 14:45:00", 1),
(65, 2, 2, "2022-06-21 12:30:00", 1),
(66, 2, 2, "2022-06-21 13:15:00", 1),
(67, 2, 2, "2022-06-21 14:00:00", 1),
(68, 2, 2, "2022-06-21 14:45:00", 1),
(69, 2, 2, "2022-06-28 12:30:00", 1),
(70, 2, 2, "2022-06-28 13:15:00", 1),
(71, 2, 2, "2022-06-28 14:00:00", 1),
(72, 2, 2, "2022-06-28 14:45:00", 1),
(73, 3, 3, "2022-05-05 8:30:00", 1),
(74, 3, 3, "2022-05-05 9:15:00", 1),
(75, 3, 3, "2022-05-05 10:00:00", 1),
(76, 3, 3, "2022-05-05 10:45:00", 1),
(77, 3, 3, "2022-05-12 8:30:00", 1),
(78, 3, 3, "2022-05-12 9:15:00", 1),
(79, 3, 3, "2022-05-12 10:00:00", 1),
(80, 3, 3, "2022-05-12 10:45:00", 1),
(81, 3, 3, "2022-05-19 8:30:00", 1),
(82, 3, 3, "2022-05-19 9:15:00", 1),
(83, 3, 3, "2022-05-19 10:00:00", 1),
(84, 3, 3, "2022-05-19 10:45:00", 1),
(85, 3, 3, "2022-05-26 8:30:00", 1),
(86, 3, 3, "2022-05-26 9:15:00", 1),
(87, 3, 3, "2022-05-26 10:00:00", 1),
(88, 3, 3, "2022-05-26 10:45:00", 1),
(89, 3, 3, "2022-06-02 8:30:00", 1),
(90, 3, 3, "2022-06-02 9:15:00", 1),
(91, 3, 3, "2022-06-02 10:00:00", 1),
(92, 3, 3, "2022-06-02 10:45:00", 1),
(93, 3, 3, "2022-06-09 8:30:00", 1),
(94, 3, 3, "2022-06-09 9:15:00", 1),
(95, 3, 3, "2022-06-09 10:00:00", 1),
(96, 3, 3, "2022-06-09 10:45:00", 1),
(97, 3, 3, "2022-06-16 8:30:00", 1),
(98, 3, 3, "2022-06-16 9:15:00", 1),
(99, 3, 3, "2022-06-16 10:00:00", 1),
(100, 3, 3, "2022-06-16 10:45:00", 1),
(101, 3, 3, "2022-06-23 8:30:00", 1),
(102, 3, 3, "2022-06-23 9:15:00", 1),
(103, 3, 3, "2022-06-23 10:00:00", 1),
(104, 3, 3, "2022-06-23 10:45:00", 1),
(105, 3, 3, "2022-06-30 8:30:00", 1),
(106, 3, 3, "2022-06-30 9:15:00", 1),
(107, 3, 3, "2022-06-30 10:00:00", 1),
(108, 3, 3, "2022-06-30 10:45:00", 1),
(109, 4, 4, "2022-05-05 12:30:00", 1),
(110, 4, 4, "2022-05-05 13:15:00", 1),
(111, 4, 4, "2022-05-05 14:00:00", 1),
(112, 4, 4, "2022-05-05 14:45:00", 1),
(113, 4, 4, "2022-05-12 12:30:00", 1),
(114, 4, 4, "2022-05-12 13:15:00", 1),
(115, 4, 4, "2022-05-12 14:00:00", 1),
(116, 4, 4, "2022-05-12 14:45:00", 1),
(117, 4, 4, "2022-05-19 12:30:00", 1),
(118, 4, 4, "2022-05-19 13:15:00", 1),
(119, 4, 4, "2022-05-19 14:00:00", 1),
(120, 4, 4, "2022-05-19 14:45:00", 1),
(121, 4, 4, "2022-05-26 12:30:00", 1),
(122, 4, 4, "2022-05-26 13:15:00", 1),
(123, 4, 4, "2022-05-26 14:00:00", 1),
(124, 4, 4, "2022-05-26 14:45:00", 1),
(125, 4, 4, "2022-06-02 12:30:00", 1),
(126, 4, 4, "2022-06-02 13:15:00", 1),
(127, 4, 4, "2022-06-02 14:00:00", 1),
(128, 4, 4, "2022-06-02 14:45:00", 1),
(129, 4, 4, "2022-06-09 12:30:00", 1),
(130, 4, 4, "2022-06-09 13:15:00", 1),
(131, 4, 4, "2022-06-09 14:00:00", 1),
(132, 4, 4, "2022-06-09 14:45:00", 1),
(133, 4, 4, "2022-06-16 12:30:00", 1),
(134, 4, 4, "2022-06-16 13:15:00", 1),
(135, 4, 4, "2022-06-16 14:00:00", 1),
(136, 4, 4, "2022-06-16 14:45:00", 1),
(137, 4, 4, "2022-06-23 12:30:00", 1),
(138, 4, 4, "2022-06-23 13:15:00", 1),
(139, 4, 4, "2022-06-23 14:00:00", 1),
(140, 4, 4, "2022-06-23 14:45:00", 1),
(141, 4, 4, "2022-06-30 12:30:00", 1),
(142, 4, 4, "2022-06-30 13:15:00", 1),
(143, 4, 4, "2022-06-30 14:00:00", 1),
(144, 4, 4, "2022-06-30 14:45:00", 1);

INSERT INTO attendance (user_id, lecture_id) VALUES
(10, 1), (10, 2), (10, 3), (10, 4), (10, 5), (10, 6), (10, 7), (10, 8), (10, 9), (10, 10), (10, 11), (10, 12), (10, 13), (10, 14), (10, 15), (10, 16), (10, 17), (10, 18), (10, 19), (10, 20), (10, 21), (10, 22), (10, 23), (10, 24), (10, 25), (10, 26), (10, 27), (10, 28), (10, 29), (10, 30), (10, 31), (10, 32), (10, 33), (10, 34), (10, 35), (10, 36), (10, 37), (10, 38), (10, 39), (10, 40), (10, 41), (10, 42), (10, 43), (10, 44), (10, 45), (10, 46), (10, 47), (10, 48), (10, 49), (10, 50), (10, 51), (10, 52), (10, 53), (10, 54), (10, 55), (10, 56), (10, 57), (10, 58), (10, 59), (10, 60), (10, 61), (10, 62), (10, 63), (10, 64), (10, 65), (10, 66), (10, 67), (10, 68), (10, 69), (10, 70), (10, 71), (10, 72), (10, 73), (10, 74), (10, 75), (10, 76), (10, 77), (10, 78), (10, 79), (10, 80), (10, 81), (10, 82), (10, 83), (10, 84), (10, 85), (10, 86), (10, 87), (10, 88), (10, 89), (10, 90), (10, 91), (10, 92), (10, 93), (10, 94), (10, 95), (10, 96), (10, 97), (10, 98), (10, 99), (10, 100), (10, 101), (10, 102), (10, 103), (10, 104), (10, 105), (10, 106), (10, 107), (10, 108), (10, 109), (10, 110), (10, 111), (10, 112), (10, 113), (10, 114), (10, 115), (10, 116), (10, 117), (10, 118), 
(10, 119), (10, 120), (10, 121), (10, 122), (10, 123), (10, 124), (10, 125), (10, 126), (10, 127), (10, 128), (10, 129), (10, 130), (10, 131), (10, 132), (10, 133), (10, 
134), (10, 135), (10, 136), (10, 137), (10, 138), (10, 139), (10, 140), (10, 141), (10, 142), (10, 143), (10, 144),
(11, 1), (11, 2), (11, 3), (11, 4), (11, 5), (11, 6), (11, 7), (11, 8), (11, 9), (11, 10), (11, 11), (11, 12), (11, 13), (11, 14), (11, 15), (11, 16), (11, 17), (11, 18), (11, 19), (11, 20), (11, 21), (11, 22), (11, 23), (11, 24), (11, 25), (11, 26), (11, 27), (11, 28), (11, 29), (11, 30), (11, 31), (11, 32), (11, 33), (11, 34), (11, 35), (11, 36), (11, 37), (11, 38), (11, 39), (11, 40), (11, 41), (11, 42), (11, 43), (11, 44), (11, 45), (11, 46), (11, 47), (11, 48), (11, 49), (11, 50), (11, 51), (11, 52), (11, 53), (11, 54), (11, 55), (11, 56), (11, 57), (11, 58), (11, 59), (11, 60), (11, 61), (11, 62), (11, 63), (11, 64), (11, 65), (11, 66), (11, 67), (11, 68), (11, 69), (11, 70), (11, 71), (11, 72), (11, 73), (11, 74), (11, 75), (11, 76), (11, 77), (11, 78), (11, 79), (11, 80), (11, 81), (11, 82), (11, 83), (11, 84), (11, 85), (11, 86), (11, 87), (11, 88), (11, 89), (11, 90), (11, 91), (11, 92), (11, 93), (11, 94), (11, 95), (11, 96), (11, 97), (11, 98), (11, 99), (11, 100), (11, 101), (11, 102), (11, 103), (11, 104), (11, 105), (11, 106), (11, 107), (11, 108), (11, 109), (11, 110), (11, 111), (11, 112), (11, 113), (11, 114), (11, 115), (11, 116), (11, 117), (11, 118), 
(11, 119), (11, 120), (11, 121), (11, 122), (11, 123), (11, 124), (11, 125), (11, 126), (11, 127), (11, 128), (11, 129), (11, 130), (11, 131), (11, 132), (11, 133), (11, 
134), (11, 135), (11, 136), (11, 137), (11, 138), (11, 139), (11, 140), (11, 141), (11, 142), (11, 143), (11, 144),
(12, 1), (12, 2), (12, 3), (12, 4), (12, 5), (12, 6), (12, 7), (12, 8), (12, 9), (12, 10), (12, 11), (12, 12), (12, 13), (12, 14), (12, 15), (12, 16), (12, 17), (12, 18), (12, 19), (12, 20), (12, 21), (12, 22), (12, 23), (12, 24), (12, 25), (12, 26), (12, 27), (12, 28), (12, 29), (12, 30), (12, 31), (12, 32), (12, 33), (12, 34), (12, 35), (12, 36), (12, 37), (12, 38), (12, 39), (12, 40), (12, 41), (12, 42), (12, 43), (12, 44), (12, 45), (12, 46), (12, 47), (12, 48), (12, 49), (12, 50), (12, 51), (12, 52), (12, 53), (12, 54), (12, 55), (12, 56), (12, 57), (12, 58), (12, 59), (12, 60), (12, 61), (12, 62), (12, 63), (12, 64), (12, 65), (12, 66), (12, 67), (12, 68), (12, 69), (12, 70), (12, 71), (12, 72), (12, 73), (12, 74), (12, 75), (12, 76), (12, 77), (12, 78), (12, 79), (12, 80), (12, 81), (12, 82), (12, 83), (12, 84), (12, 85), (12, 86), (12, 87), (12, 88), (12, 89), (12, 90), (12, 91), (12, 92), (12, 93), (12, 94), (12, 95), (12, 96), (12, 97), (12, 98), (12, 99), (12, 100), (12, 101), (12, 102), (12, 103), (12, 104), (12, 105), (12, 106), (12, 107), (12, 108), (12, 109), (12, 110), (12, 111), (12, 112), (12, 113), (12, 114), (12, 115), (12, 116), (12, 117), (12, 118), 
(12, 119), (12, 120), (12, 121), (12, 122), (12, 123), (12, 124), (12, 125), (12, 126), (12, 127), (12, 128), (12, 129), (12, 130), (12, 131), (12, 132), (12, 133), (12, 
134), (12, 135), (12, 136), (12, 137), (12, 138), (12, 139), (12, 140), (12, 141), (12, 142), (12, 143), (12, 144),
(13, 1), (13, 2), (13, 3), (13, 4), (13, 5), (13, 6), (13, 7), (13, 8), (13, 9), (13, 10), (13, 11), (13, 12), (13, 13), (13, 14), (13, 15), (13, 16), (13, 17), (13, 18), (13, 19), (13, 20), (13, 21), (13, 22), (13, 23), (13, 24), (13, 25), (13, 26), (13, 27), (13, 28), (13, 29), (13, 30), (13, 31), (13, 32), (13, 33), (13, 34), (13, 35), (13, 36), (13, 37), (13, 38), (13, 39), (13, 40), (13, 41), (13, 42), (13, 43), (13, 44), (13, 45), (13, 46), (13, 47), (13, 48), (13, 49), (13, 50), (13, 51), (13, 52), (13, 53), (13, 54), (13, 55), (13, 56), (13, 57), (13, 58), (13, 59), (13, 60), (13, 61), (13, 62), (13, 63), (13, 64), (13, 65), (13, 66), (13, 67), (13, 68), (13, 69), (13, 70), (13, 71), (13, 72), (13, 73), (13, 74), (13, 75), (13, 76), (13, 77), (13, 78), (13, 79), (13, 80), (13, 81), (13, 82), (13, 83), (13, 84), (13, 85), (13, 86), (13, 87), (13, 88), (13, 89), (13, 90), (13, 91), (13, 92), (13, 93), (13, 94), (13, 95), (13, 96), (13, 97), (13, 98), (13, 99), (13, 100), (13, 101), (13, 102), (13, 103), (13, 104), (13, 105), (13, 106), (13, 107), (13, 108), (13, 109), (13, 110), (13, 111), (13, 112), (13, 113), (13, 114), (13, 115), (13, 116), (13, 117), (13, 118), 
(13, 119), (13, 120), (13, 121), (13, 122), (13, 123), (13, 124), (13, 125), (13, 126), (13, 127), (13, 128), (13, 129), (13, 130), (13, 131), (13, 132), (13, 133), (13, 
134), (13, 135), (13, 136), (13, 137), (13, 138), (13, 139), (13, 140), (13, 141), (13, 142), (13, 143), (13, 144),
(14, 1), (14, 2), (14, 3), (14, 4), (14, 5), (14, 6), (14, 7), (14, 8), (14, 9), (14, 10), (14, 11), (14, 12), (14, 13), (14, 14), (14, 15), (14, 16), (14, 17), (14, 18), (14, 19), (14, 20), (14, 21), (14, 22), (14, 23), (14, 24), (14, 25), (14, 26), (14, 27), (14, 28), (14, 29), (14, 30), (14, 31), (14, 32), (14, 33), (14, 34), (14, 35), (14, 36), (14, 37), (14, 38), (14, 39), (14, 40), (14, 41), (14, 42), (14, 43), (14, 44), (14, 45), (14, 46), (14, 47), (14, 48), (14, 49), (14, 50), (14, 51), (14, 52), (14, 53), (14, 54), (14, 55), (14, 56), (14, 57), (14, 58), (14, 59), (14, 60), (14, 61), (14, 62), (14, 63), (14, 64), (14, 65), (14, 66), (14, 67), (14, 68), (14, 69), (14, 70), (14, 71), (14, 72), (14, 73), (14, 74), (14, 75), (14, 76), (14, 77), (14, 78), (14, 79), (14, 80), (14, 81), (14, 82), (14, 83), (14, 84), (14, 85), (14, 86), (14, 87), (14, 88), (14, 89), (14, 90), (14, 91), (14, 92), (14, 93), (14, 94), (14, 95), (14, 96), (14, 97), (14, 98), (14, 99), (14, 100), (14, 101), (14, 102), (14, 103), (14, 104), (14, 105), (14, 106), (14, 107), (14, 108), (14, 109), (14, 110), (14, 111), (14, 112), (14, 113), (14, 114), (14, 115), (14, 116), (14, 117), (14, 118), 
(14, 119), (14, 120), (14, 121), (14, 122), (14, 123), (14, 124), (14, 125), (14, 126), (14, 127), (14, 128), (14, 129), (14, 130), (14, 131), (14, 132), (14, 133), (14, 
134), (14, 135), (14, 136), (14, 137), (14, 138), (14, 139), (14, 140), (14, 141), (14, 142), (14, 143), (14, 144),
(15, 1), (15, 2), (15, 3), (15, 4), (15, 5), (15, 6), (15, 7), (15, 8), (15, 9), (15, 10), (15, 11), (15, 12), (15, 13), (15, 14), (15, 15), (15, 16), (15, 17), (15, 18), (15, 19), (15, 20), (15, 21), (15, 22), (15, 23), (15, 24), (15, 25), (15, 26), (15, 27), (15, 28), (15, 29), (15, 30), (15, 31), (15, 32), (15, 33), (15, 34), (15, 35), (15, 36), (15, 37), (15, 38), (15, 39), (15, 40), (15, 41), (15, 42), (15, 43), (15, 44), (15, 45), (15, 46), (15, 47), (15, 48), (15, 49), (15, 50), (15, 51), (15, 52), (15, 53), (15, 54), (15, 55), (15, 56), (15, 57), (15, 58), (15, 59), (15, 60), (15, 61), (15, 62), (15, 63), (15, 64), (15, 65), (15, 66), (15, 67), (15, 68), (15, 69), (15, 70), (15, 71), (15, 72), (15, 73), (15, 74), (15, 75), (15, 76), (15, 77), (15, 78), (15, 79), (15, 80), (15, 81), (15, 82), (15, 83), (15, 84), (15, 85), (15, 86), (15, 87), (15, 88), (15, 89), (15, 90), (15, 91), (15, 92), (15, 93), (15, 94), (15, 95), (15, 96), (15, 97), (15, 98), (15, 99), (15, 100), (15, 101), (15, 102), (15, 103), (15, 104), (15, 105), (15, 106), (15, 107), (15, 108), (15, 109), (15, 110), (15, 111), (15, 112), (15, 113), (15, 114), (15, 115), (15, 116), (15, 117), (15, 118), 
(15, 119), (15, 120), (15, 121), (15, 122), (15, 123), (15, 124), (15, 125), (15, 126), (15, 127), (15, 128), (15, 129), (15, 130), (15, 131), (15, 132), (15, 133), (15, 
134), (15, 135), (15, 136), (15, 137), (15, 138), (15, 139), (15, 140), (15, 141), (15, 142), (15, 143), (15, 144),
(16, 1), (16, 2), (16, 3), (16, 4), (16, 5), (16, 6), (16, 7), (16, 8), (16, 9), (16, 10), (16, 11), (16, 12), (16, 13), (16, 14), (16, 15), (16, 16), (16, 17), (16, 18), (16, 19), (16, 20), (16, 21), (16, 22), (16, 23), (16, 24), (16, 25), (16, 26), (16, 27), (16, 28), (16, 29), (16, 30), (16, 31), (16, 32), (16, 33), (16, 34), (16, 35), (16, 36), (16, 37), (16, 38), (16, 39), (16, 40), (16, 41), (16, 42), (16, 43), (16, 44), (16, 45), (16, 46), (16, 47), (16, 48), (16, 49), (16, 50), (16, 51), (16, 52), (16, 53), (16, 54), (16, 55), (16, 56), (16, 57), (16, 58), (16, 59), (16, 60), (16, 61), (16, 62), (16, 63), (16, 64), (16, 65), (16, 66), (16, 67), (16, 68), (16, 69), (16, 70), (16, 71), (16, 72), (16, 73), (16, 74), (16, 75), (16, 76), (16, 77), (16, 78), (16, 79), (16, 80), (16, 81), (16, 82), (16, 83), (16, 84), (16, 85), (16, 86), (16, 87), (16, 88), (16, 89), (16, 90), (16, 91), (16, 92), (16, 93), (16, 94), (16, 95), (16, 96), (16, 97), (16, 98), (16, 99), (16, 100), (16, 101), (16, 102), (16, 103), (16, 104), (16, 105), (16, 106), (16, 107), (16, 108), (16, 109), (16, 110), (16, 111), (16, 112), (16, 113), (16, 114), (16, 115), (16, 116), (16, 117), (16, 118), 
(16, 119), (16, 120), (16, 121), (16, 122), (16, 123), (16, 124), (16, 125), (16, 126), (16, 127), (16, 128), (16, 129), (16, 130), (16, 131), (16, 132), (16, 133), (16, 
134), (16, 135), (16, 136), (16, 137), (16, 138), (16, 139), (16, 140), (16, 141), (16, 142), (16, 143), (16, 144),
(17, 1), (17, 2), (17, 3), (17, 4), (17, 5), (17, 6), (17, 7), (17, 8), (17, 9), (17, 10), (17, 11), (17, 12), (17, 13), (17, 14), (17, 15), (17, 16), (17, 17), (17, 18), (17, 19), (17, 20), (17, 21), (17, 22), (17, 23), (17, 24), (17, 25), (17, 26), (17, 27), (17, 28), (17, 29), (17, 30), (17, 31), (17, 32), (17, 33), (17, 34), (17, 35), (17, 36), (17, 37), (17, 38), (17, 39), (17, 40), (17, 41), (17, 42), (17, 43), (17, 44), (17, 45), (17, 46), (17, 47), (17, 48), (17, 49), (17, 50), (17, 51), (17, 52), (17, 53), (17, 54), (17, 55), (17, 56), (17, 57), (17, 58), (17, 59), (17, 60), (17, 61), (17, 62), (17, 63), (17, 64), (17, 65), (17, 66), (17, 67), (17, 68), (17, 69), (17, 70), (17, 71), (17, 72), (17, 73), (17, 74), (17, 75), (17, 76), (17, 77), (17, 78), (17, 79), (17, 80), (17, 81), (17, 82), (17, 83), (17, 84), (17, 85), (17, 86), (17, 87), (17, 88), (17, 89), (17, 90), (17, 91), (17, 92), (17, 93), (17, 94), (17, 95), (17, 96), (17, 97), (17, 98), (17, 99), (17, 100), (17, 101), (17, 102), (17, 103), (17, 104), (17, 105), (17, 106), (17, 107), (17, 108), (17, 109), (17, 110), (17, 111), (17, 112), (17, 113), (17, 114), (17, 115), (17, 116), (17, 117), (17, 118), 
(17, 119), (17, 120), (17, 121), (17, 122), (17, 123), (17, 124), (17, 125), (17, 126), (17, 127), (17, 128), (17, 129), (17, 130), (17, 131), (17, 132), (17, 133), (17, 
134), (17, 135), (17, 136), (17, 137), (17, 138), (17, 139), (17, 140), (17, 141), (17, 142), (17, 143), (17, 144),
(18, 1), (18, 2), (18, 3), (18, 4), (18, 5), (18, 6), (18, 7), (18, 8), (18, 9), (18, 10), (18, 11), (18, 12), (18, 13), (18, 14), (18, 15), (18, 16), (18, 17), (18, 18), (18, 19), (18, 20), (18, 21), (18, 22), (18, 23), (18, 24), (18, 25), (18, 26), (18, 27), (18, 28), (18, 29), (18, 30), (18, 31), (18, 32), (18, 33), (18, 34), (18, 35), (18, 36), (18, 37), (18, 38), (18, 39), (18, 40), (18, 41), (18, 42), (18, 43), (18, 44), (18, 45), (18, 46), (18, 47), (18, 48), (18, 49), (18, 50), (18, 51), (18, 52), (18, 53), (18, 54), (18, 55), (18, 56), (18, 57), (18, 58), (18, 59), (18, 60), (18, 61), (18, 62), (18, 63), (18, 64), (18, 65), (18, 66), (18, 67), (18, 68), (18, 69), (18, 70), (18, 71), (18, 72), (18, 73), (18, 74), (18, 75), (18, 76), (18, 77), (18, 78), (18, 79), (18, 80), (18, 81), (18, 82), (18, 83), (18, 84), (18, 85), (18, 86), (18, 87), (18, 88), (18, 89), (18, 90), (18, 91), (18, 92), (18, 93), (18, 94), (18, 95), (18, 96), (18, 97), (18, 98), (18, 99), (18, 100), (18, 101), (18, 102), (18, 103), (18, 104), (18, 105), (18, 106), (18, 107), (18, 108), (18, 109), (18, 110), (18, 111), (18, 112), (18, 113), (18, 114), (18, 115), (18, 116), (18, 117), (18, 118), 
(18, 119), (18, 120), (18, 121), (18, 122), (18, 123), (18, 124), (18, 125), (18, 126), (18, 127), (18, 128), (18, 129), (18, 130), (18, 131), (18, 132), (18, 133), (18, 
134), (18, 135), (18, 136), (18, 137), (18, 138), (18, 139), (18, 140), (18, 141), (18, 142), (18, 143), (18, 144),
(19, 1), (19, 2), (19, 3), (19, 4), (19, 5), (19, 6), (19, 7), (19, 8), (19, 9), (19, 10), (19, 11), (19, 12), (19, 13), (19, 14), (19, 15), (19, 16), (19, 17), (19, 18), (19, 19), (19, 20), (19, 21), (19, 22), (19, 23), (19, 24), (19, 25), (19, 26), (19, 27), (19, 28), (19, 29), (19, 30), (19, 31), (19, 32), (19, 33), (19, 34), (19, 35), (19, 36), (19, 37), (19, 38), (19, 39), (19, 40), (19, 41), (19, 42), (19, 43), (19, 44), (19, 45), (19, 46), (19, 47), (19, 48), (19, 49), (19, 50), (19, 51), (19, 52), (19, 53), (19, 54), (19, 55), (19, 56), (19, 57), (19, 58), (19, 59), (19, 60), (19, 61), (19, 62), (19, 63), (19, 64), (19, 65), (19, 66), (19, 67), (19, 68), (19, 69), (19, 70), (19, 71), (19, 72), (19, 73), (19, 74), (19, 75), (19, 76), (19, 77), (19, 78), (19, 79), (19, 80), (19, 81), (19, 82), (19, 83), (19, 84), (19, 85), (19, 86), (19, 87), (19, 88), (19, 89), (19, 90), (19, 91), (19, 92), (19, 93), (19, 94), (19, 95), (19, 96), (19, 97), (19, 98), (19, 99), (19, 100), (19, 101), (19, 102), (19, 103), (19, 104), (19, 105), (19, 106), (19, 107), (19, 108), (19, 109), (19, 110), (19, 111), (19, 112), (19, 113), (19, 114), (19, 115), (19, 116), (19, 117), (19, 118), 
(19, 119), (19, 120), (19, 121), (19, 122), (19, 123), (19, 124), (19, 125), (19, 126), (19, 127), (19, 128), (19, 129), (19, 130), (19, 131), (19, 132), (19, 133), (19, 
134), (19, 135), (19, 136), (19, 137), (19, 138), (19, 139), (19, 140), (19, 141), (19, 142), (19, 143), (19, 144),
(20, 1), (20, 2), (20, 3), (20, 4), (20, 5), (20, 6), (20, 7), (20, 8), (20, 9), (20, 10), (20, 11), (20, 12), (20, 13), (20, 14), (20, 15), (20, 16), (20, 17), (20, 18), (20, 19), (20, 20), (20, 21), (20, 22), (20, 23), (20, 24), (20, 25), (20, 26), (20, 27), (20, 28), (20, 29), (20, 30), (20, 31), (20, 32), (20, 33), (20, 34), (20, 35), (20, 36), (20, 37), (20, 38), (20, 39), (20, 40), (20, 41), (20, 42), (20, 43), (20, 44), (20, 45), (20, 46), (20, 47), (20, 48), (20, 49), (20, 50), (20, 51), (20, 52), (20, 53), (20, 54), (20, 55), (20, 56), (20, 57), (20, 58), (20, 59), (20, 60), (20, 61), (20, 62), (20, 63), (20, 64), (20, 65), (20, 66), (20, 67), (20, 68), (20, 69), (20, 70), (20, 71), (20, 72), (20, 73), (20, 74), (20, 75), (20, 76), (20, 77), (20, 78), (20, 79), (20, 80), (20, 81), (20, 82), (20, 83), (20, 84), (20, 85), (20, 86), (20, 87), (20, 88), (20, 89), (20, 90), (20, 91), (20, 92), (20, 93), (20, 94), (20, 95), (20, 96), (20, 97), (20, 98), (20, 99), (20, 100), (20, 101), (20, 102), (20, 103), (20, 104), (20, 105), (20, 106), (20, 107), (20, 108), (20, 109), (20, 110), (20, 111), (20, 112), (20, 113), (20, 114), (20, 115), (20, 116), (20, 117), (20, 118), 
(20, 119), (20, 120), (20, 121), (20, 122), (20, 123), (20, 124), (20, 125), (20, 126), (20, 127), (20, 128), (20, 129), (20, 130), (20, 131), (20, 132), (20, 133), (20, 
134), (20, 135), (20, 136), (20, 137), (20, 138), (20, 139), (20, 140), (20, 141), (20, 142), (20, 143), (20, 144),
(21, 1), (21, 2), (21, 3), (21, 4), (21, 5), (21, 6), (21, 7), (21, 8), (21, 9), (21, 10), (21, 11), (21, 12), (21, 13), (21, 14), (21, 15), (21, 16), (21, 17), (21, 18), (21, 19), (21, 20), (21, 21), (21, 22), (21, 23), (21, 24), (21, 25), (21, 26), (21, 27), (21, 28), (21, 29), (21, 30), (21, 31), (21, 32), (21, 33), (21, 34), (21, 35), (21, 36), (21, 37), (21, 38), (21, 39), (21, 40), (21, 41), (21, 42), (21, 43), (21, 44), (21, 45), (21, 46), (21, 47), (21, 48), (21, 49), (21, 50), (21, 51), (21, 52), (21, 53), (21, 54), (21, 55), (21, 56), (21, 57), (21, 58), (21, 59), (21, 60), (21, 61), (21, 62), (21, 63), (21, 64), (21, 65), (21, 66), (21, 67), (21, 68), (21, 69), (21, 70), (21, 71), (21, 72), (21, 73), (21, 74), (21, 75), (21, 76), (21, 77), (21, 78), (21, 79), (21, 80), (21, 81), (21, 82), (21, 83), (21, 84), (21, 85), (21, 86), (21, 87), (21, 88), (21, 89), (21, 90), (21, 91), (21, 92), (21, 93), (21, 94), (21, 95), (21, 96), (21, 97), (21, 98), (21, 99), (21, 100), (21, 101), (21, 102), (21, 103), (21, 104), (21, 105), (21, 106), (21, 107), (21, 108), (21, 109), (21, 110), (21, 111), (21, 112), (21, 113), (21, 114), (21, 115), (21, 116), (21, 117), (21, 118), 
(21, 119), (21, 120), (21, 121), (21, 122), (21, 123), (21, 124), (21, 125), (21, 126), (21, 127), (21, 128), (21, 129), (21, 130), (21, 131), (21, 132), (21, 133), (21, 
134), (21, 135), (21, 136), (21, 137), (21, 138), (21, 139), (21, 140), (21, 141), (21, 142), (21, 143), (21, 144),
(22, 1), (22, 2), (22, 3), (22, 4), (22, 5), (22, 6), (22, 7), (22, 8), (22, 9), (22, 10), (22, 11), (22, 12), (22, 13), (22, 14), (22, 15), (22, 16), (22, 17), (22, 18), (22, 19), (22, 20), (22, 21), (22, 22), (22, 23), (22, 24), (22, 25), (22, 26), (22, 27), (22, 28), (22, 29), (22, 30), (22, 31), (22, 32), (22, 33), (22, 34), (22, 35), (22, 36), (22, 37), (22, 38), (22, 39), (22, 40), (22, 41), (22, 42), (22, 43), (22, 44), (22, 45), (22, 46), (22, 47), (22, 48), (22, 49), (22, 50), (22, 51), (22, 52), (22, 53), (22, 54), (22, 55), (22, 56), (22, 57), (22, 58), (22, 59), (22, 60), (22, 61), (22, 62), (22, 63), (22, 64), (22, 65), (22, 66), (22, 67), (22, 68), (22, 69), (22, 70), (22, 71), (22, 72), (22, 73), (22, 74), (22, 75), (22, 76), (22, 77), (22, 78), (22, 79), (22, 80), (22, 81), (22, 82), (22, 83), (22, 84), (22, 85), (22, 86), (22, 87), (22, 88), (22, 89), (22, 90), (22, 91), (22, 92), (22, 93), (22, 94), (22, 95), (22, 96), (22, 97), (22, 98), (22, 99), (22, 100), (22, 101), (22, 102), (22, 103), (22, 104), (22, 105), (22, 106), (22, 107), (22, 108), (22, 109), (22, 110), (22, 111), (22, 112), (22, 113), (22, 114), (22, 115), (22, 116), (22, 117), (22, 118), 
(22, 119), (22, 120), (22, 121), (22, 122), (22, 123), (22, 124), (22, 125), (22, 126), (22, 127), (22, 128), (22, 129), (22, 130), (22, 131), (22, 132), (22, 133), (22, 
134), (22, 135), (22, 136), (22, 137), (22, 138), (22, 139), (22, 140), (22, 141), (22, 142), (22, 143), (22, 144),
(23, 1), (23, 2), (23, 3), (23, 4), (23, 5), (23, 6), (23, 7), (23, 8), (23, 9), (23, 10), (23, 11), (23, 12), (23, 13), (23, 14), (23, 15), (23, 16), (23, 17), (23, 18), (23, 19), (23, 20), (23, 21), (23, 22), (23, 23), (23, 24), (23, 25), (23, 26), (23, 27), (23, 28), (23, 29), (23, 30), (23, 31), (23, 32), (23, 33), (23, 34), (23, 35), (23, 36), (23, 37), (23, 38), (23, 39), (23, 40), (23, 41), (23, 42), (23, 43), (23, 44), (23, 45), (23, 46), (23, 47), (23, 48), (23, 49), (23, 50), (23, 51), (23, 52), (23, 53), (23, 54), (23, 55), (23, 56), (23, 57), (23, 58), (23, 59), (23, 60), (23, 61), (23, 62), (23, 63), (23, 64), (23, 65), (23, 66), (23, 67), (23, 68), (23, 69), (23, 70), (23, 71), (23, 72), (23, 73), (23, 74), (23, 75), (23, 76), (23, 77), (23, 78), (23, 79), (23, 80), (23, 81), (23, 82), (23, 83), (23, 84), (23, 85), (23, 86), (23, 87), (23, 88), (23, 89), (23, 90), (23, 91), (23, 92), (23, 93), (23, 94), (23, 95), (23, 96), (23, 97), (23, 98), (23, 99), (23, 100), (23, 101), (23, 102), (23, 103), (23, 104), (23, 105), (23, 106), (23, 107), (23, 108), (23, 109), (23, 110), (23, 111), (23, 112), (23, 113), (23, 114), (23, 115), (23, 116), (23, 117), (23, 118), 
(23, 119), (23, 120), (23, 121), (23, 122), (23, 123), (23, 124), (23, 125), (23, 126), (23, 127), (23, 128), (23, 129), (23, 130), (23, 131), (23, 132), (23, 133), (23, 
134), (23, 135), (23, 136), (23, 137), (23, 138), (23, 139), (23, 140), (23, 141), (23, 142), (23, 143), (23, 144),
(24, 1), (24, 2), (24, 3), (24, 4), (24, 5), (24, 6), (24, 7), (24, 8), (24, 9), (24, 10), (24, 11), (24, 12), (24, 13), (24, 14), (24, 15), (24, 16), (24, 17), (24, 18), (24, 19), (24, 20), (24, 21), (24, 22), (24, 23), (24, 24), (24, 25), (24, 26), (24, 27), (24, 28), (24, 29), (24, 30), (24, 31), (24, 32), (24, 33), (24, 34), (24, 35), (24, 36), (24, 37), (24, 38), (24, 39), (24, 40), (24, 41), (24, 42), (24, 43), (24, 44), (24, 45), (24, 46), (24, 47), (24, 48), (24, 49), (24, 50), (24, 51), (24, 52), (24, 53), (24, 54), (24, 55), (24, 56), (24, 57), (24, 58), (24, 59), (24, 60), (24, 61), (24, 62), (24, 63), (24, 64), (24, 65), (24, 66), (24, 67), (24, 68), (24, 69), (24, 70), (24, 71), (24, 72), (24, 73), (24, 74), (24, 75), (24, 76), (24, 77), (24, 78), (24, 79), (24, 80), (24, 81), (24, 82), (24, 83), (24, 84), (24, 85), (24, 86), (24, 87), (24, 88), (24, 89), (24, 90), (24, 91), (24, 92), (24, 93), (24, 94), (24, 95), (24, 96), (24, 97), (24, 98), (24, 99), (24, 100), (24, 101), (24, 102), (24, 103), (24, 104), (24, 105), (24, 106), (24, 107), (24, 108), (24, 109), (24, 110), (24, 111), (24, 112), (24, 113), (24, 114), (24, 115), (24, 116), (24, 117), (24, 118), 
(24, 119), (24, 120), (24, 121), (24, 122), (24, 123), (24, 124), (24, 125), (24, 126), (24, 127), (24, 128), (24, 129), (24, 130), (24, 131), (24, 132), (24, 133), (24, 
134), (24, 135), (24, 136), (24, 137), (24, 138), (24, 139), (24, 140), (24, 141), (24, 142), (24, 143), (24, 144),
(25, 1), (25, 2), (25, 3), (25, 4), (25, 5), (25, 6), (25, 7), (25, 8), (25, 9), (25, 10), (25, 11), (25, 12), (25, 13), (25, 14), (25, 15), (25, 16), (25, 17), (25, 18), (25, 19), (25, 20), (25, 21), (25, 22), (25, 23), (25, 24), (25, 25), (25, 26), (25, 27), (25, 28), (25, 29), (25, 30), (25, 31), (25, 32), (25, 33), (25, 34), (25, 35), (25, 36), (25, 37), (25, 38), (25, 39), (25, 40), (25, 41), (25, 42), (25, 43), (25, 44), (25, 45), (25, 46), (25, 47), (25, 48), (25, 49), (25, 50), (25, 51), (25, 52), (25, 53), (25, 54), (25, 55), (25, 56), (25, 57), (25, 58), (25, 59), (25, 60), (25, 61), (25, 62), (25, 63), (25, 64), (25, 65), (25, 66), (25, 67), (25, 68), (25, 69), (25, 70), (25, 71), (25, 72), (25, 73), (25, 74), (25, 75), (25, 76), (25, 77), (25, 78), (25, 79), (25, 80), (25, 81), (25, 82), (25, 83), (25, 84), (25, 85), (25, 86), (25, 87), (25, 88), (25, 89), (25, 90), (25, 91), (25, 92), (25, 93), (25, 94), (25, 95), (25, 96), (25, 97), (25, 98), (25, 99), (25, 100), (25, 101), (25, 102), (25, 103), (25, 104), (25, 105), (25, 106), (25, 107), (25, 108), (25, 109), (25, 110), (25, 111), (25, 112), (25, 113), (25, 114), (25, 115), (25, 116), (25, 117), (25, 118), 
(25, 119), (25, 120), (25, 121), (25, 122), (25, 123), (25, 124), (25, 125), (25, 126), (25, 127), (25, 128), (25, 129), (25, 130), (25, 131), (25, 132), (25, 133), (25, 
134), (25, 135), (25, 136), (25, 137), (25, 138), (25, 139), (25, 140), (25, 141), (25, 142), (25, 143), (25, 144),
(26, 1), (26, 2), (26, 3), (26, 4), (26, 5), (26, 6), (26, 7), (26, 8), (26, 9), (26, 10), (26, 11), (26, 12), (26, 13), (26, 14), (26, 15), (26, 16), (26, 17), (26, 18), (26, 19), (26, 20), (26, 21), (26, 22), (26, 23), (26, 24), (26, 25), (26, 26), (26, 27), (26, 28), (26, 29), (26, 30), (26, 31), (26, 32), (26, 33), (26, 34), (26, 35), (26, 36), (26, 37), (26, 38), (26, 39), (26, 40), (26, 41), (26, 42), (26, 43), (26, 44), (26, 45), (26, 46), (26, 47), (26, 48), (26, 49), (26, 50), (26, 51), (26, 52), (26, 53), (26, 54), (26, 55), (26, 56), (26, 57), (26, 58), (26, 59), (26, 60), (26, 61), (26, 62), (26, 63), (26, 64), (26, 65), (26, 66), (26, 67), (26, 68), (26, 69), (26, 70), (26, 71), (26, 72), (26, 73), (26, 74), (26, 75), (26, 76), (26, 77), (26, 78), (26, 79), (26, 80), (26, 81), (26, 82), (26, 83), (26, 84), (26, 85), (26, 86), (26, 87), (26, 88), (26, 89), (26, 90), (26, 91), (26, 92), (26, 93), (26, 94), (26, 95), (26, 96), (26, 97), (26, 98), (26, 99), (26, 100), (26, 101), (26, 102), (26, 103), (26, 104), (26, 105), (26, 106), (26, 107), (26, 108), (26, 109), (26, 110), (26, 111), (26, 112), (26, 113), (26, 114), (26, 115), (26, 116), (26, 117), (26, 118), 
(26, 119), (26, 120), (26, 121), (26, 122), (26, 123), (26, 124), (26, 125), (26, 126), (26, 127), (26, 128), (26, 129), (26, 130), (26, 131), (26, 132), (26, 133), (26, 
134), (26, 135), (26, 136), (26, 137), (26, 138), (26, 139), (26, 140), (26, 141), (26, 142), (26, 143), (26, 144),
(27, 1), (27, 2), (27, 3), (27, 4), (27, 5), (27, 6), (27, 7), (27, 8), (27, 9), (27, 10), (27, 11), (27, 12), (27, 13), (27, 14), (27, 15), (27, 16), (27, 17), (27, 18), (27, 19), (27, 20), (27, 21), (27, 22), (27, 23), (27, 24), (27, 25), (27, 26), (27, 27), (27, 28), (27, 29), (27, 30), (27, 31), (27, 32), (27, 33), (27, 34), (27, 35), (27, 36), (27, 37), (27, 38), (27, 39), (27, 40), (27, 41), (27, 42), (27, 43), (27, 44), (27, 45), (27, 46), (27, 47), (27, 48), (27, 49), (27, 50), (27, 51), (27, 52), (27, 53), (27, 54), (27, 55), (27, 56), (27, 57), (27, 58), (27, 59), (27, 60), (27, 61), (27, 62), (27, 63), (27, 64), (27, 65), (27, 66), (27, 67), (27, 68), (27, 69), (27, 70), (27, 71), (27, 72), (27, 73), (27, 74), (27, 75), (27, 76), (27, 77), (27, 78), (27, 79), (27, 80), (27, 81), (27, 82), (27, 83), (27, 84), (27, 85), (27, 86), (27, 87), (27, 88), (27, 89), (27, 90), (27, 91), (27, 92), (27, 93), (27, 94), (27, 95), (27, 96), (27, 97), (27, 98), (27, 99), (27, 100), (27, 101), (27, 102), (27, 103), (27, 104), (27, 105), (27, 106), (27, 107), (27, 108), (27, 109), (27, 110), (27, 111), (27, 112), (27, 113), (27, 114), (27, 115), (27, 116), (27, 117), (27, 118), 
(27, 119), (27, 120), (27, 121), (27, 122), (27, 123), (27, 124), (27, 125), (27, 126), (27, 127), (27, 128), (27, 129), (27, 130), (27, 131), (27, 132), (27, 133), (27, 
134), (27, 135), (27, 136), (27, 137), (27, 138), (27, 139), (27, 140), (27, 141), (27, 142), (27, 143), (27, 144),
(28, 1), (28, 2), (28, 3), (28, 4), (28, 5), (28, 6), (28, 7), (28, 8), (28, 9), (28, 10), (28, 11), (28, 12), (28, 13), (28, 14), (28, 15), (28, 16), (28, 17), (28, 18), (28, 19), (28, 20), (28, 21), (28, 22), (28, 23), (28, 24), (28, 25), (28, 26), (28, 27), (28, 28), (28, 29), (28, 30), (28, 31), (28, 32), (28, 33), (28, 34), (28, 35), (28, 36), (28, 37), (28, 38), (28, 39), (28, 40), (28, 41), (28, 42), (28, 43), (28, 44), (28, 45), (28, 46), (28, 47), (28, 48), (28, 49), (28, 50), (28, 51), (28, 52), (28, 53), (28, 54), (28, 55), (28, 56), (28, 57), (28, 58), (28, 59), (28, 60), (28, 61), (28, 62), (28, 63), (28, 64), (28, 65), (28, 66), (28, 67), (28, 68), (28, 69), (28, 70), (28, 71), (28, 72), (28, 73), (28, 74), (28, 75), (28, 76), (28, 77), (28, 78), (28, 79), (28, 80), (28, 81), (28, 82), (28, 83), (28, 84), (28, 85), (28, 86), (28, 87), (28, 88), (28, 89), (28, 90), (28, 91), (28, 92), (28, 93), (28, 94), (28, 95), (28, 96), (28, 97), (28, 98), (28, 99), (28, 100), (28, 101), (28, 102), (28, 103), (28, 104), (28, 105), (28, 106), (28, 107), (28, 108), (28, 109), (28, 110), (28, 111), (28, 112), (28, 113), (28, 114), (28, 115), (28, 116), (28, 117), (28, 118), 
(28, 119), (28, 120), (28, 121), (28, 122), (28, 123), (28, 124), (28, 125), (28, 126), (28, 127), (28, 128), (28, 129), (28, 130), (28, 131), (28, 132), (28, 133), (28, 
134), (28, 135), (28, 136), (28, 137), (28, 138), (28, 139), (28, 140), (28, 141), (28, 142), (28, 143), (28, 144),
(29, 1), (29, 2), (29, 3), (29, 4), (29, 5), (29, 6), (29, 7), (29, 8), (29, 9), (29, 10), (29, 11), (29, 12), (29, 13), (29, 14), (29, 15), (29, 16), (29, 17), (29, 18), (29, 19), (29, 20), (29, 21), (29, 22), (29, 23), (29, 24), (29, 25), (29, 26), (29, 27), (29, 28), (29, 29), (29, 30), (29, 31), (29, 32), (29, 33), (29, 34), (29, 35), (29, 36), (29, 37), (29, 38), (29, 39), (29, 40), (29, 41), (29, 42), (29, 43), (29, 44), (29, 45), (29, 46), (29, 47), (29, 48), (29, 49), (29, 50), (29, 51), (29, 52), (29, 53), (29, 54), (29, 55), (29, 56), (29, 57), (29, 58), (29, 59), (29, 60), (29, 61), (29, 62), (29, 63), (29, 64), (29, 65), (29, 66), (29, 67), (29, 68), (29, 69), (29, 70), (29, 71), (29, 72), (29, 73), (29, 74), (29, 75), (29, 76), (29, 77), (29, 78), (29, 79), (29, 80), (29, 81), (29, 82), (29, 83), (29, 84), (29, 85), (29, 86), (29, 87), (29, 88), (29, 89), (29, 90), (29, 91), (29, 92), (29, 93), (29, 94), (29, 95), (29, 96), (29, 97), (29, 98), (29, 99), (29, 100), (29, 101), (29, 102), (29, 103), (29, 104), (29, 105), (29, 106), (29, 107), (29, 108), (29, 109), (29, 110), (29, 111), (29, 112), (29, 113), (29, 114), (29, 115), (29, 116), (29, 117), (29, 118), 
(29, 119), (29, 120), (29, 121), (29, 122), (29, 123), (29, 124), (29, 125), (29, 126), (29, 127), (29, 128), (29, 129), (29, 130), (29, 131), (29, 132), (29, 133), (29, 
134), (29, 135), (29, 136), (29, 137), (29, 138), (29, 139), (29, 140), (29, 141), (29, 142), (29, 143), (29, 144),
(30, 1), (30, 2), (30, 3), (30, 4), (30, 5), (30, 6), (30, 7), (30, 8), (30, 9), (30, 10), (30, 11), (30, 12), (30, 13), (30, 14), (30, 15), (30, 16), (30, 17), (30, 18), (30, 19), (30, 20), (30, 21), (30, 22), (30, 23), (30, 24), (30, 25), (30, 26), (30, 27), (30, 28), (30, 29), (30, 30), (30, 31), (30, 32), (30, 33), (30, 34), (30, 35), (30, 36), (30, 37), (30, 38), (30, 39), (30, 40), (30, 41), (30, 42), (30, 43), (30, 44), (30, 45), (30, 46), (30, 47), (30, 48), (30, 49), (30, 50), (30, 51), (30, 52), (30, 53), (30, 54), (30, 55), (30, 56), (30, 57), (30, 58), (30, 59), (30, 60), (30, 61), (30, 62), (30, 63), (30, 64), (30, 65), (30, 66), (30, 67), (30, 68), (30, 69), (30, 70), (30, 71), (30, 72), (30, 73), (30, 74), (30, 75), (30, 76), (30, 77), (30, 78), (30, 79), (30, 80), (30, 81), (30, 82), (30, 83), (30, 84), (30, 85), (30, 86), (30, 87), (30, 88), (30, 89), (30, 90), (30, 91), (30, 92), (30, 93), (30, 94), (30, 95), (30, 96), (30, 97), (30, 98), (30, 99), (30, 100), (30, 101), (30, 102), (30, 103), (30, 104), (30, 105), (30, 106), (30, 107), (30, 108), (30, 109), (30, 110), (30, 111), (30, 112), (30, 113), (30, 114), (30, 115), (30, 116), (30, 117), (30, 118), 
(30, 119), (30, 120), (30, 121), (30, 122), (30, 123), (30, 124), (30, 125), (30, 126), (30, 127), (30, 128), (30, 129), (30, 130), (30, 131), (30, 132), (30, 133), (30, 
134), (30, 135), (30, 136), (30, 137), (30, 138), (30, 139), (30, 140), (30, 141), (30, 142), (30, 143), (30, 144);
